EnemyIndex,EnemyName,EnemyConcept,UnitMaxHP,UnitATK,UnitDEF,CriticalRate,CounterRate,ReduceRate,Speed,"EnemySkill1
Name","EnemySkill1
Description",EnemySkill1Effect,EnemySkill1Range,EnemySkill1RangeLine,EnemySkill1Target,EnemySkill1MultiTarget,"EnemySkill1
MultiTargetType","EnemySkill1
MultiTargetCount",EnemySkill1Value,"EnemySkill2
Name","EnemySkill2
Description",EnemySkill2Effect,EnemySkill2Range,EnemySkill2RangeLine,EnemySkill2Target,EnemySkill2MultiTarget,"EnemySkill2
MultiTargetType","EnemySkill2
MultiTargetCount",EnemySkill2Value,UnitAI,ExperiencePoint,DropItem1Index,DropItem1Count,DropItem1Rate
"적군 유닛
인덱스",적군 유닛명,적군 유닛 콘셉트,유닛 최대 체력,유닛 공격력,유닛 방어력,치명타율,반격율,회피율,스피드,적군 스킬1 스킬명,"적군 스킬1
설명","적군 스킬 1 효과
(0 공격 1 회복)","적군 스킬 1 사정거리
(0 근거리 1 원거리)","적군 스킬 1
사정거리 라인
0 전열 우선 (전열이 있을 경우 전열 공격) 
1 전열/후열 선택 가능
2 후열 우선","적군 스킬 1 대상
(0 단일 1 복수 2 전체)","적군 스킬 1 복수 대상
(스킬 대상 1일 경우)","적군 스킬 1
복수 대상 타입
(0 후보 전체 1 랜덤)
(스킬 대상 1일 경우)","적군 스킬 1
복수 추가 대상 수
(스킬 대상 1일 경우)",적군 스킬 1 계수,적군 스킬2 스킬명,"적군 스킬2
설명","적군 스킬 2 효과
(0 공격 1 회복)","적군 스킬 2 사정거리
(0 근거리 1 원거리)","적군 스킬 2
사정거리 라인
0 전열 우선 (전열이 있을 경우 전열 공격) 
1 전열/후열 선택 가능
2 후열 우선","적군 스킬 2 대상
(0 단일 1 복수 2 전체)","적군 스킬 2 복수 대상
(스킬 대상 1일 경우)","적군 스킬 2
복수 대상 타입
(0 후보 전체 1 랜덤)
(스킬 대상 1일 경우)","적군 스킬 2
복수 추가 대상 수
(스킬 대상 1일 경우)",적군 스킬 2 계수,적군 유닛 행동 규칙,경험치,"드롭 아이템 1
인덱스","드롭 아이템 1
드롭 수량","드롭 아이템 1
드롭 확률"
20001,LowerMonster,하급 몬스터,12,6,6,10%,10%,10%,2,하급 몬스터 스킬1,상대 전열 또는 후열 단일 공격 (전열 우선),0,1,0,0,,,,1,하급 몬스터 스킬2,상대 1열을 전체 공격 (전열 우선),0,0,0,1,"{1,5}",0,,0.5,"70% 확률로 스킬1, 30% 확률로 스킬2",10,"{310101,310201,310301,310401}",1,70%
20002,MiddleMonster,중급 몬스터,27,22,10,20%,15%,15%,3,중급 몬스터 스킬1,상대 전열 또는 후열 단일 공격,0,2,1,0,,,,1.3,중급 몬스터 스킬2,자신의 체력 50 단일 회복,1,,,0,,,,50,"일반 상황에서는 스킬1(50:50 확률로 젼열 또는 후열 타깃), 체력 60 이하 시 스킬2",20,"{310102,310202,310302,310402}",1,50%
20003,AdvancedMonster,상급 몬스터,50,42,14,25%,20%,20%,1,상급 몬스터 스킬1,상대 전열 또는 후열 단일 공격,0,2,1,0,,,,1,상급 몬스터 스킬2,상대 전체 공격,0,1,1,2,,,,0.8,"70% 확률로 스킬1 (70% 확률로 상대 후열 우선), 30% 확률로 스킬2",30,"{310103,310203,310303,310403}",1,30%
