ClassIndex,ClassName,ClassConcept,UnitMaxHP,UnitATK,UnitDEF,CriticalRate,CounterRate,ReduceRate,Speed,"ClassSkill
IndexList","Weapon
IndexList"
"아군 유닛
인덱스",클래스명,클래스 콘셉트,유닛 최대 체력,유닛 공격력,유닛 방어력,치명타율,반격율,피해 경감률,스피드,"착용 가능
직업 스킬 인덱스","착용 가능
무기 인덱스"
10001,워리어,체력이 높은 근거리 병종,7,7,6,10%,25%,10%,1,"{1010,1020,1030,1040,1050,1060,1070}","{310101,310102,310103,310104,310105,310106,310107}"
10002,메이지,단일 공격에 특화된 원거리 병종,4,12,4,30%,10%,20%,3,"{2010,2020,2030,2040,2050,2060,2070}","{310201,310202,310203,310204,310205,310206,310207}"
10003,아처,다중 공격에 특화된 원거리 병종,6,12,2,20%,5%,10%,2,"{3010,3020,3030,3040,3050,3060,3070}","{310301,310302,310303,310304,310305,310306,310307}"
10004,클레릭,회복이 가능한 원거리 병종,6,8,6,10%,10%,15%,2,"{4010,4020,4030,4040,4050,4060,4070}","{310401,310402,310403,310404,310405,310406,310407}"
10005,나이트,평균적인 능력치를 지닌 근거리 병종,6,9,5,15%,15%,15%,2,"{5010,5020,5030,5040,5050,5060,5070}","{310501,310502,310503,310504,310505,310506,310507}"
